<annotation>
	<folder>Assembled engines</folder>
	<filename>115.jpg</filename>
	<path>/Users/sohansingh/Desktop/obproject/obpenv/Project pics/JPEG format/Assembled engines/115.jpg</path>
	<source>
		<database>Unknown</database>
	</source>
	<size>
		<width>1512</width>
		<height>1512</height>
		<depth>3</depth>
	</size>
	<segmented>0</segmented>
	<object>
		<name>Wiper fluid</name>
		<pose>Unspecified</pose>
		<truncated>0</truncated>
		<difficult>0</difficult>
		<bndbox>
			<xmin>297</xmin>
			<ymin>474</ymin>
			<xmax>391</xmax>
			<ymax>540</ymax>
		</bndbox>
	</object>
	<object>
		<name>Oil intake</name>
		<pose>Unspecified</pose>
		<truncated>0</truncated>
		<difficult>0</difficult>
		<bndbox>
			<xmin>945</xmin>
			<ymin>571</ymin>
			<xmax>1037</xmax>
			<ymax>625</ymax>
		</bndbox>
	</object>
	<object>
		<name>Coolant</name>
		<pose>Unspecified</pose>
		<truncated>0</truncated>
		<difficult>0</difficult>
		<bndbox>
			<xmin>1147</xmin>
			<ymin>520</ymin>
			<xmax>1218</xmax>
			<ymax>558</ymax>
		</bndbox>
	</object>
</annotation>
