<annotation>
	<folder>new pictures</folder>
	<filename>148.jpg</filename>
	<path>C:\Users\Beyound Your Thought\Desktop\new pictures\148.jpg</path>
	<source>
		<database>Unknown</database>
	</source>
	<size>
		<width>1190</width>
		<height>514</height>
		<depth>3</depth>
	</size>
	<segmented>0</segmented>
	<object>
		<name>Air filter</name>
		<pose>Unspecified</pose>
		<truncated>0</truncated>
		<difficult>0</difficult>
		<bndbox>
			<xmin>2</xmin>
			<ymin>158</ymin>
			<xmax>257</xmax>
			<ymax>328</ymax>
		</bndbox>
	</object>
	<object>
		<name>Coolant</name>
		<pose>Unspecified</pose>
		<truncated>0</truncated>
		<difficult>0</difficult>
		<bndbox>
			<xmin>76</xmin>
			<ymin>83</ymin>
			<xmax>245</xmax>
			<ymax>185</ymax>
		</bndbox>
	</object>
	<object>
		<name>Engine cover</name>
		<pose>Unspecified</pose>
		<truncated>0</truncated>
		<difficult>0</difficult>
		<bndbox>
			<xmin>460</xmin>
			<ymin>93</ymin>
			<xmax>772</xmax>
			<ymax>307</ymax>
		</bndbox>
	</object>
	<object>
		<name>Battery</name>
		<pose>Unspecified</pose>
		<truncated>0</truncated>
		<difficult>0</difficult>
		<bndbox>
			<xmin>846</xmin>
			<ymin>203</ymin>
			<xmax>1186</xmax>
			<ymax>331</ymax>
		</bndbox>
	</object>
	<object>
		<name>Fuse box</name>
		<pose>Unspecified</pose>
		<truncated>0</truncated>
		<difficult>0</difficult>
		<bndbox>
			<xmin>910</xmin>
			<ymin>145</ymin>
			<xmax>1107</xmax>
			<ymax>235</ymax>
		</bndbox>
	</object>
	<object>
		<name>Brake fluid</name>
		<pose>Unspecified</pose>
		<truncated>0</truncated>
		<difficult>0</difficult>
		<bndbox>
			<xmin>830</xmin>
			<ymin>80</ymin>
			<xmax>926</xmax>
			<ymax>164</ymax>
		</bndbox>
	</object>
</annotation>
