<annotation>
	<folder>new pictures</folder>
	<filename>159.jpg</filename>
	<path>C:\Users\Beyound Your Thought\Desktop\new pictures\159.jpg</path>
	<source>
		<database>Unknown</database>
	</source>
	<size>
		<width>1120</width>
		<height>438</height>
		<depth>3</depth>
	</size>
	<segmented>0</segmented>
	<object>
		<name>Wiper fluid</name>
		<pose>Unspecified</pose>
		<truncated>0</truncated>
		<difficult>0</difficult>
		<bndbox>
			<xmin>53</xmin>
			<ymin>102</ymin>
			<xmax>102</xmax>
			<ymax>136</ymax>
		</bndbox>
	</object>
	<object>
		<name>Brake fluid</name>
		<pose>Unspecified</pose>
		<truncated>0</truncated>
		<difficult>0</difficult>
		<bndbox>
			<xmin>286</xmin>
			<ymin>59</ymin>
			<xmax>369</xmax>
			<ymax>114</ymax>
		</bndbox>
	</object>
	<object>
		<name>Coolant</name>
		<pose>Unspecified</pose>
		<truncated>0</truncated>
		<difficult>0</difficult>
		<bndbox>
			<xmin>85</xmin>
			<ymin>129</ymin>
			<xmax>262</xmax>
			<ymax>262</ymax>
		</bndbox>
	</object>
	<object>
		<name>Oil intake</name>
		<pose>Unspecified</pose>
		<truncated>0</truncated>
		<difficult>0</difficult>
		<bndbox>
			<xmin>316</xmin>
			<ymin>165</ymin>
			<xmax>379</xmax>
			<ymax>205</ymax>
		</bndbox>
	</object>
	<object>
		<name>Air filter</name>
		<pose>Unspecified</pose>
		<truncated>0</truncated>
		<difficult>0</difficult>
		<bndbox>
			<xmin>446</xmin>
			<ymin>242</ymin>
			<xmax>876</xmax>
			<ymax>414</ymax>
		</bndbox>
	</object>
	<object>
		<name>Battery</name>
		<pose>Unspecified</pose>
		<truncated>0</truncated>
		<difficult>0</difficult>
		<bndbox>
			<xmin>770</xmin>
			<ymin>59</ymin>
			<xmax>971</xmax>
			<ymax>203</ymax>
		</bndbox>
	</object>
	<object>
		<name>Fuse box</name>
		<pose>Unspecified</pose>
		<truncated>0</truncated>
		<difficult>0</difficult>
		<bndbox>
			<xmin>942</xmin>
			<ymin>127</ymin>
			<xmax>1109</xmax>
			<ymax>285</ymax>
		</bndbox>
	</object>
</annotation>
