<annotation>
	<folder>new pictures</folder>
	<filename>185.jpg</filename>
	<path>C:\Users\Beyound Your Thought\Desktop\new pictures\185.jpg</path>
	<source>
		<database>Unknown</database>
	</source>
	<size>
		<width>1068</width>
		<height>510</height>
		<depth>3</depth>
	</size>
	<segmented>0</segmented>
	<object>
		<name>Coolant</name>
		<pose>Unspecified</pose>
		<truncated>0</truncated>
		<difficult>0</difficult>
		<bndbox>
			<xmin>95</xmin>
			<ymin>171</ymin>
			<xmax>262</xmax>
			<ymax>314</ymax>
		</bndbox>
	</object>
	<object>
		<name>Wiper fluid</name>
		<pose>Unspecified</pose>
		<truncated>0</truncated>
		<difficult>0</difficult>
		<bndbox>
			<xmin>110</xmin>
			<ymin>310</ymin>
			<xmax>218</xmax>
			<ymax>429</ymax>
		</bndbox>
	</object>
	<object>
		<name>Oil intake</name>
		<pose>Unspecified</pose>
		<truncated>0</truncated>
		<difficult>0</difficult>
		<bndbox>
			<xmin>324</xmin>
			<ymin>205</ymin>
			<xmax>392</xmax>
			<ymax>257</ymax>
		</bndbox>
	</object>
	<object>
		<name>Oil pin</name>
		<pose>Unspecified</pose>
		<truncated>0</truncated>
		<difficult>0</difficult>
		<bndbox>
			<xmin>270</xmin>
			<ymin>129</ymin>
			<xmax>306</xmax>
			<ymax>163</ymax>
		</bndbox>
	</object>
	<object>
		<name>Brake fluid</name>
		<pose>Unspecified</pose>
		<truncated>0</truncated>
		<difficult>0</difficult>
		<bndbox>
			<xmin>670</xmin>
			<ymin>63</ymin>
			<xmax>713</xmax>
			<ymax>95</ymax>
		</bndbox>
	</object>
</annotation>
