<annotation>
	<folder>new pictures</folder>
	<filename>192.jpg</filename>
	<path>C:\Users\Beyound Your Thought\Desktop\new pictures\192.jpg</path>
	<source>
		<database>Unknown</database>
	</source>
	<size>
		<width>1184</width>
		<height>542</height>
		<depth>3</depth>
	</size>
	<segmented>0</segmented>
	<object>
		<name>Coolant</name>
		<pose>Unspecified</pose>
		<truncated>0</truncated>
		<difficult>0</difficult>
		<bndbox>
			<xmin>32</xmin>
			<ymin>108</ymin>
			<xmax>237</xmax>
			<ymax>264</ymax>
		</bndbox>
	</object>
	<object>
		<name>Brake fluid</name>
		<pose>Unspecified</pose>
		<truncated>0</truncated>
		<difficult>0</difficult>
		<bndbox>
			<xmin>217</xmin>
			<ymin>59</ymin>
			<xmax>364</xmax>
			<ymax>127</ymax>
		</bndbox>
	</object>
	<object>
		<name>Oil pin</name>
		<pose>Unspecified</pose>
		<truncated>0</truncated>
		<difficult>0</difficult>
		<bndbox>
			<xmin>341</xmin>
			<ymin>383</ymin>
			<xmax>395</xmax>
			<ymax>440</ymax>
		</bndbox>
	</object>
	<object>
		<name>Oil intake</name>
		<pose>Unspecified</pose>
		<truncated>0</truncated>
		<difficult>0</difficult>
		<bndbox>
			<xmin>317</xmin>
			<ymin>133</ymin>
			<xmax>381</xmax>
			<ymax>177</ymax>
		</bndbox>
	</object>
	<object>
		<name>Battery</name>
		<pose>Unspecified</pose>
		<truncated>0</truncated>
		<difficult>0</difficult>
		<bndbox>
			<xmin>798</xmin>
			<ymin>106</ymin>
			<xmax>1075</xmax>
			<ymax>320</ymax>
		</bndbox>
	</object>
	<object>
		<name>Wiper fluid</name>
		<pose>Unspecified</pose>
		<truncated>0</truncated>
		<difficult>0</difficult>
		<bndbox>
			<xmin>1061</xmin>
			<ymin>169</ymin>
			<xmax>1120</xmax>
			<ymax>238</ymax>
		</bndbox>
	</object>
</annotation>
