<annotation>
	<folder>Assembled engines</folder>
	<filename>5.jpg</filename>
	<path>/Users/sohansingh/Desktop/obproject/obpenv/Project pics/JPEG format/Assembled engines/5.jpg</path>
	<source>
		<database>Unknown</database>
	</source>
	<size>
		<width>1220</width>
		<height>678</height>
		<depth>3</depth>
	</size>
	<segmented>0</segmented>
	<object>
		<name>Engine cover</name>
		<pose>Unspecified</pose>
		<truncated>0</truncated>
		<difficult>0</difficult>
		<bndbox>
			<xmin>484</xmin>
			<ymin>146</ymin>
			<xmax>721</xmax>
			<ymax>305</ymax>
		</bndbox>
	</object>
	<object>
		<name>Battery</name>
		<pose>Unspecified</pose>
		<truncated>0</truncated>
		<difficult>0</difficult>
		<bndbox>
			<xmin>860</xmin>
			<ymin>11</ymin>
			<xmax>1139</xmax>
			<ymax>167</ymax>
		</bndbox>
	</object>
	<object>
		<name>Coolant</name>
		<pose>Unspecified</pose>
		<truncated>0</truncated>
		<difficult>0</difficult>
		<bndbox>
			<xmin>250</xmin>
			<ymin>579</ymin>
			<xmax>379</xmax>
			<ymax>654</ymax>
		</bndbox>
	</object>
	<object>
		<name>Fuse box</name>
		<pose>Unspecified</pose>
		<truncated>0</truncated>
		<difficult>0</difficult>
		<bndbox>
			<xmin>5</xmin>
			<ymin>282</ymin>
			<xmax>215</xmax>
			<ymax>531</ymax>
		</bndbox>
	</object>
	<object>
		<name>Air filter</name>
		<pose>Unspecified</pose>
		<truncated>0</truncated>
		<difficult>0</difficult>
		<bndbox>
			<xmin>388</xmin>
			<ymin>477</ymin>
			<xmax>691</xmax>
			<ymax>655</ymax>
		</bndbox>
	</object>
	<object>
		<name>Oil pin</name>
		<pose>Unspecified</pose>
		<truncated>0</truncated>
		<difficult>0</difficult>
		<bndbox>
			<xmin>345</xmin>
			<ymin>418</ymin>
			<xmax>404</xmax>
			<ymax>475</ymax>
		</bndbox>
	</object>
	<object>
		<name>Wiper fluid</name>
		<pose>Unspecified</pose>
		<truncated>0</truncated>
		<difficult>0</difficult>
		<bndbox>
			<xmin>1049</xmin>
			<ymin>431</ymin>
			<xmax>1132</xmax>
			<ymax>507</ymax>
		</bndbox>
	</object>
	<object>
		<name>Oil intake</name>
		<pose>Unspecified</pose>
		<truncated>0</truncated>
		<difficult>0</difficult>
		<bndbox>
			<xmin>909</xmin>
			<ymin>417</ymin>
			<xmax>973</xmax>
			<ymax>476</ymax>
		</bndbox>
	</object>
	<object>
		<name>Brake fluid</name>
		<pose>Unspecified</pose>
		<truncated>0</truncated>
		<difficult>0</difficult>
		<bndbox>
			<xmin>367</xmin>
			<ymin>94</ymin>
			<xmax>442</xmax>
			<ymax>156</ymax>
		</bndbox>
	</object>
</annotation>
