<annotation>
	<folder>Assembled engines</folder>
	<filename>11.jpg</filename>
	<path>/Users/sohansingh/Desktop/obproject/obpenv/Project pics/JPEG format/Assembled engines/11.jpg</path>
	<source>
		<database>Unknown</database>
	</source>
	<size>
		<width>1894</width>
		<height>1076</height>
		<depth>3</depth>
	</size>
	<segmented>0</segmented>
	<object>
		<name>Engine cover</name>
		<pose>Unspecified</pose>
		<truncated>0</truncated>
		<difficult>0</difficult>
		<bndbox>
			<xmin>430</xmin>
			<ymin>183</ymin>
			<xmax>1154</xmax>
			<ymax>504</ymax>
		</bndbox>
	</object>
	<object>
		<name>Oil pin</name>
		<pose>Unspecified</pose>
		<truncated>0</truncated>
		<difficult>0</difficult>
		<bndbox>
			<xmin>642</xmin>
			<ymin>439</ymin>
			<xmax>718</xmax>
			<ymax>509</ymax>
		</bndbox>
	</object>
	<object>
		<name>Coolant</name>
		<pose>Unspecified</pose>
		<truncated>0</truncated>
		<difficult>0</difficult>
		<bndbox>
			<xmin>204</xmin>
			<ymin>310</ymin>
			<xmax>421</xmax>
			<ymax>583</ymax>
		</bndbox>
	</object>
	<object>
		<name>Brake fluid</name>
		<pose>Unspecified</pose>
		<truncated>0</truncated>
		<difficult>0</difficult>
		<bndbox>
			<xmin>1472</xmin>
			<ymin>200</ymin>
			<xmax>1788</xmax>
			<ymax>416</ymax>
		</bndbox>
	</object>
</annotation>
