<annotation>
	<folder>Assembled engines</folder>
	<filename>22.jpg</filename>
	<path>/Users/sohansingh/Desktop/obproject/obpenv/Project pics/JPEG format/Assembled engines/22.jpg</path>
	<source>
		<database>Unknown</database>
	</source>
	<size>
		<width>622</width>
		<height>1280</height>
		<depth>3</depth>
	</size>
	<segmented>0</segmented>
	<object>
		<name>Battery</name>
		<pose>Unspecified</pose>
		<truncated>0</truncated>
		<difficult>0</difficult>
		<bndbox>
			<xmin>175</xmin>
			<ymin>110</ymin>
			<xmax>410</xmax>
			<ymax>252</ymax>
		</bndbox>
	</object>
	<object>
		<name>Fuse box</name>
		<pose>Unspecified</pose>
		<truncated>0</truncated>
		<difficult>0</difficult>
		<bndbox>
			<xmin>127</xmin>
			<ymin>19</ymin>
			<xmax>251</xmax>
			<ymax>116</ymax>
		</bndbox>
	</object>
</annotation>
