<annotation>
	<folder>Assembled engines</folder>
	<filename>82.jpg</filename>
	<path>/Users/sohansingh/Desktop/obproject/obpenv/Project pics/JPEG format/Assembled engines/82.jpg</path>
	<source>
		<database>Unknown</database>
	</source>
	<size>
		<width>1074</width>
		<height>456</height>
		<depth>3</depth>
	</size>
	<segmented>0</segmented>
	<object>
		<name>Coolant</name>
		<pose>Unspecified</pose>
		<truncated>0</truncated>
		<difficult>0</difficult>
		<bndbox>
			<xmin>29</xmin>
			<ymin>136</ymin>
			<xmax>194</xmax>
			<ymax>250</ymax>
		</bndbox>
	</object>
	<object>
		<name>Wiper fluid</name>
		<pose>Unspecified</pose>
		<truncated>0</truncated>
		<difficult>0</difficult>
		<bndbox>
			<xmin>146</xmin>
			<ymin>275</ymin>
			<xmax>222</xmax>
			<ymax>359</ymax>
		</bndbox>
	</object>
	<object>
		<name>Engine cover</name>
		<pose>Unspecified</pose>
		<truncated>0</truncated>
		<difficult>0</difficult>
		<bndbox>
			<xmin>320</xmin>
			<ymin>90</ymin>
			<xmax>696</xmax>
			<ymax>294</ymax>
		</bndbox>
	</object>
	<object>
		<name>Oil pin</name>
		<pose>Unspecified</pose>
		<truncated>0</truncated>
		<difficult>0</difficult>
		<bndbox>
			<xmin>351</xmin>
			<ymin>307</ymin>
			<xmax>401</xmax>
			<ymax>366</ymax>
		</bndbox>
	</object>
	<object>
		<name>Brake fluid</name>
		<pose>Unspecified</pose>
		<truncated>0</truncated>
		<difficult>0</difficult>
		<bndbox>
			<xmin>661</xmin>
			<ymin>98</ymin>
			<xmax>724</xmax>
			<ymax>178</ymax>
		</bndbox>
	</object>
	<object>
		<name>Battery</name>
		<pose>Unspecified</pose>
		<truncated>0</truncated>
		<difficult>0</difficult>
		<bndbox>
			<xmin>769</xmin>
			<ymin>137</ymin>
			<xmax>933</xmax>
			<ymax>298</ymax>
		</bndbox>
	</object>
	<object>
		<name>Fuse box</name>
		<pose>Unspecified</pose>
		<truncated>0</truncated>
		<difficult>0</difficult>
		<bndbox>
			<xmin>892</xmin>
			<ymin>132</ymin>
			<xmax>1035</xmax>
			<ymax>219</ymax>
		</bndbox>
	</object>
</annotation>
