<annotation>
	<folder>Assembled engines</folder>
	<filename>121.jpg</filename>
	<path>/Users/sohansingh/Desktop/obproject/obpenv/Project pics/JPEG format/Assembled engines/121.jpg</path>
	<source>
		<database>Unknown</database>
	</source>
	<size>
		<width>640</width>
		<height>480</height>
		<depth>3</depth>
	</size>
	<segmented>0</segmented>
	<object>
		<name>Wiper fluid</name>
		<pose>Unspecified</pose>
		<truncated>0</truncated>
		<difficult>0</difficult>
		<bndbox>
			<xmin>104</xmin>
			<ymin>328</ymin>
			<xmax>145</xmax>
			<ymax>367</ymax>
		</bndbox>
	</object>
	<object>
		<name>Coolant</name>
		<pose>Unspecified</pose>
		<truncated>0</truncated>
		<difficult>0</difficult>
		<bndbox>
			<xmin>108</xmin>
			<ymin>300</ymin>
			<xmax>174</xmax>
			<ymax>344</ymax>
		</bndbox>
	</object>
</annotation>
