<annotation>
	<folder>Assembled engines</folder>
	<filename>127.jpg</filename>
	<path>/Users/sohansingh/Desktop/obproject/obpenv/Project pics/JPEG format/Assembled engines/127.jpg</path>
	<source>
		<database>Unknown</database>
	</source>
	<size>
		<width>1284</width>
		<height>1272</height>
		<depth>3</depth>
	</size>
	<segmented>0</segmented>
	<object>
		<name>Wiper fluid</name>
		<pose>Unspecified</pose>
		<truncated>0</truncated>
		<difficult>0</difficult>
		<bndbox>
			<xmin>941</xmin>
			<ymin>675</ymin>
			<xmax>1025</xmax>
			<ymax>750</ymax>
		</bndbox>
	</object>
	<object>
		<name>Oil intake</name>
		<pose>Unspecified</pose>
		<truncated>0</truncated>
		<difficult>0</difficult>
		<bndbox>
			<xmin>676</xmin>
			<ymin>627</ymin>
			<xmax>740</xmax>
			<ymax>676</ymax>
		</bndbox>
	</object>
	<object>
		<name>Coolant</name>
		<pose>Unspecified</pose>
		<truncated>0</truncated>
		<difficult>0</difficult>
		<bndbox>
			<xmin>209</xmin>
			<ymin>726</ymin>
			<xmax>334</xmax>
			<ymax>796</ymax>
		</bndbox>
	</object>
	<object>
		<name>Brake fluid</name>
		<pose>Unspecified</pose>
		<truncated>0</truncated>
		<difficult>0</difficult>
		<bndbox>
			<xmin>274</xmin>
			<ymin>610</ymin>
			<xmax>342</xmax>
			<ymax>647</ymax>
		</bndbox>
	</object>
</annotation>
