<annotation>
	<folder>new pictures</folder>
	<filename>143.jpg</filename>
	<path>C:\Users\Beyound Your Thought\Desktop\new pictures\143.jpg</path>
	<source>
		<database>Unknown</database>
	</source>
	<size>
		<width>1134</width>
		<height>484</height>
		<depth>3</depth>
	</size>
	<segmented>0</segmented>
	<object>
		<name>Brake fluid</name>
		<pose>Unspecified</pose>
		<truncated>0</truncated>
		<difficult>0</difficult>
		<bndbox>
			<xmin>173</xmin>
			<ymin>111</ymin>
			<xmax>313</xmax>
			<ymax>202</ymax>
		</bndbox>
	</object>
	<object>
		<name>Battery</name>
		<pose>Unspecified</pose>
		<truncated>0</truncated>
		<difficult>0</difficult>
		<bndbox>
			<xmin>44</xmin>
			<ymin>226</ymin>
			<xmax>271</xmax>
			<ymax>343</ymax>
		</bndbox>
	</object>
	<object>
		<name>Wiper fluid</name>
		<pose>Unspecified</pose>
		<truncated>0</truncated>
		<difficult>0</difficult>
		<bndbox>
			<xmin>30</xmin>
			<ymin>341</ymin>
			<xmax>101</xmax>
			<ymax>420</ymax>
		</bndbox>
	</object>
	<object>
		<name>Coolant</name>
		<pose>Unspecified</pose>
		<truncated>0</truncated>
		<difficult>0</difficult>
		<bndbox>
			<xmin>829</xmin>
			<ymin>198</ymin>
			<xmax>1111</xmax>
			<ymax>319</ymax>
		</bndbox>
	</object>
	<object>
		<name>Engine cover</name>
		<pose>Unspecified</pose>
		<truncated>0</truncated>
		<difficult>0</difficult>
		<bndbox>
			<xmin>387</xmin>
			<ymin>91</ymin>
			<xmax>699</xmax>
			<ymax>267</ymax>
		</bndbox>
	</object>
</annotation>
