<annotation>
	<folder>new pictures</folder>
	<filename>146.jpg</filename>
	<path>C:\Users\Beyound Your Thought\Desktop\new pictures\146.jpg</path>
	<source>
		<database>Unknown</database>
	</source>
	<size>
		<width>1138</width>
		<height>490</height>
		<depth>3</depth>
	</size>
	<segmented>0</segmented>
	<object>
		<name>Engine cover</name>
		<pose>Unspecified</pose>
		<truncated>0</truncated>
		<difficult>0</difficult>
		<bndbox>
			<xmin>419</xmin>
			<ymin>94</ymin>
			<xmax>714</xmax>
			<ymax>249</ymax>
		</bndbox>
	</object>
	<object>
		<name>Brake fluid</name>
		<pose>Unspecified</pose>
		<truncated>0</truncated>
		<difficult>0</difficult>
		<bndbox>
			<xmin>216</xmin>
			<ymin>115</ymin>
			<xmax>343</xmax>
			<ymax>200</ymax>
		</bndbox>
	</object>
	<object>
		<name>Battery</name>
		<pose>Unspecified</pose>
		<truncated>0</truncated>
		<difficult>0</difficult>
		<bndbox>
			<xmin>103</xmin>
			<ymin>222</ymin>
			<xmax>301</xmax>
			<ymax>320</ymax>
		</bndbox>
	</object>
	<object>
		<name>Wiper fluid</name>
		<pose>Unspecified</pose>
		<truncated>0</truncated>
		<difficult>0</difficult>
		<bndbox>
			<xmin>78</xmin>
			<ymin>325</ymin>
			<xmax>149</xmax>
			<ymax>389</ymax>
		</bndbox>
	</object>
	<object>
		<name>Wiper fluid</name>
		<pose>Unspecified</pose>
		<truncated>0</truncated>
		<difficult>0</difficult>
		<bndbox>
			<xmin>330</xmin>
			<ymin>315</ymin>
			<xmax>358</xmax>
			<ymax>358</ymax>
		</bndbox>
	</object>
	<object>
		<name>Coolant</name>
		<pose>Unspecified</pose>
		<truncated>0</truncated>
		<difficult>0</difficult>
		<bndbox>
			<xmin>830</xmin>
			<ymin>178</ymin>
			<xmax>1104</xmax>
			<ymax>291</ymax>
		</bndbox>
	</object>
</annotation>
