<annotation>
	<folder>new pictures</folder>
	<filename>152.jpg</filename>
	<path>C:\Users\Beyound Your Thought\Desktop\new pictures\152.jpg</path>
	<source>
		<database>Unknown</database>
	</source>
	<size>
		<width>1198</width>
		<height>694</height>
		<depth>3</depth>
	</size>
	<segmented>0</segmented>
	<object>
		<name>Coolant</name>
		<pose>Unspecified</pose>
		<truncated>0</truncated>
		<difficult>0</difficult>
		<bndbox>
			<xmin>264</xmin>
			<ymin>17</ymin>
			<xmax>420</xmax>
			<ymax>135</ymax>
		</bndbox>
	</object>
	<object>
		<name>Air filter</name>
		<pose>Unspecified</pose>
		<truncated>0</truncated>
		<difficult>0</difficult>
		<bndbox>
			<xmin>157</xmin>
			<ymin>84</ymin>
			<xmax>324</xmax>
			<ymax>297</ymax>
		</bndbox>
	</object>
	<object>
		<name>Engine cover</name>
		<pose>Unspecified</pose>
		<truncated>0</truncated>
		<difficult>0</difficult>
		<bndbox>
			<xmin>306</xmin>
			<ymin>100</ymin>
			<xmax>814</xmax>
			<ymax>459</ymax>
		</bndbox>
	</object>
	<object>
		<name>Battery</name>
		<pose>Unspecified</pose>
		<truncated>0</truncated>
		<difficult>0</difficult>
		<bndbox>
			<xmin>733</xmin>
			<ymin>326</ymin>
			<xmax>936</xmax>
			<ymax>514</ymax>
		</bndbox>
	</object>
	<object>
		<name>Fuse box</name>
		<pose>Unspecified</pose>
		<truncated>0</truncated>
		<difficult>0</difficult>
		<bndbox>
			<xmin>929</xmin>
			<ymin>348</ymin>
			<xmax>1085</xmax>
			<ymax>478</ymax>
		</bndbox>
	</object>
	<object>
		<name>Brake fluid</name>
		<pose>Unspecified</pose>
		<truncated>0</truncated>
		<difficult>0</difficult>
		<bndbox>
			<xmin>910</xmin>
			<ymin>216</ymin>
			<xmax>1016</xmax>
			<ymax>316</ymax>
		</bndbox>
	</object>
	<object>
		<name>Wiper fluid</name>
		<pose>Unspecified</pose>
		<truncated>0</truncated>
		<difficult>0</difficult>
		<bndbox>
			<xmin>815</xmin>
			<ymin>524</ymin>
			<xmax>902</xmax>
			<ymax>628</ymax>
		</bndbox>
	</object>
</annotation>
