<annotation>
	<folder>new pictures</folder>
	<filename>186.jpg</filename>
	<path>C:\Users\Beyound Your Thought\Desktop\new pictures\186.jpg</path>
	<source>
		<database>Unknown</database>
	</source>
	<size>
		<width>1086</width>
		<height>406</height>
		<depth>3</depth>
	</size>
	<segmented>0</segmented>
	<object>
		<name>Coolant</name>
		<pose>Unspecified</pose>
		<truncated>0</truncated>
		<difficult>0</difficult>
		<bndbox>
			<xmin>75</xmin>
			<ymin>84</ymin>
			<xmax>252</xmax>
			<ymax>214</ymax>
		</bndbox>
	</object>
	<object>
		<name>Brake fluid</name>
		<pose>Unspecified</pose>
		<truncated>0</truncated>
		<difficult>0</difficult>
		<bndbox>
			<xmin>230</xmin>
			<ymin>63</ymin>
			<xmax>345</xmax>
			<ymax>121</ymax>
		</bndbox>
	</object>
	<object>
		<name>Wiper fluid</name>
		<pose>Unspecified</pose>
		<truncated>0</truncated>
		<difficult>0</difficult>
		<bndbox>
			<xmin>200</xmin>
			<ymin>205</ymin>
			<xmax>304</xmax>
			<ymax>341</ymax>
		</bndbox>
	</object>
	<object>
		<name>Oil pin</name>
		<pose>Unspecified</pose>
		<truncated>0</truncated>
		<difficult>0</difficult>
		<bndbox>
			<xmin>329</xmin>
			<ymin>268</ymin>
			<xmax>376</xmax>
			<ymax>324</ymax>
		</bndbox>
	</object>
	<object>
		<name>Engine cover</name>
		<pose>Unspecified</pose>
		<truncated>0</truncated>
		<difficult>0</difficult>
		<bndbox>
			<xmin>349</xmin>
			<ymin>52</ymin>
			<xmax>738</xmax>
			<ymax>199</ymax>
		</bndbox>
	</object>
	<object>
		<name>Battery</name>
		<pose>Unspecified</pose>
		<truncated>0</truncated>
		<difficult>0</difficult>
		<bndbox>
			<xmin>753</xmin>
			<ymin>98</ymin>
			<xmax>975</xmax>
			<ymax>252</ymax>
		</bndbox>
	</object>
</annotation>
