<annotation>
	<folder>Assembled engines</folder>
	<filename>41.jpg</filename>
	<path>/Users/sohansingh/Desktop/obproject/obpenv/Project pics/JPEG format/Assembled engines/41.jpg</path>
	<source>
		<database>Unknown</database>
	</source>
	<size>
		<width>1946</width>
		<height>1100</height>
		<depth>3</depth>
	</size>
	<segmented>0</segmented>
	<object>
		<name>Engine cover</name>
		<pose>Unspecified</pose>
		<truncated>0</truncated>
		<difficult>0</difficult>
		<bndbox>
			<xmin>613</xmin>
			<ymin>68</ymin>
			<xmax>1316</xmax>
			<ymax>656</ymax>
		</bndbox>
	</object>
	<object>
		<name>Oil intake</name>
		<pose>Unspecified</pose>
		<truncated>0</truncated>
		<difficult>0</difficult>
		<bndbox>
			<xmin>651</xmin>
			<ymin>502</ymin>
			<xmax>758</xmax>
			<ymax>587</ymax>
		</bndbox>
	</object>
	<object>
		<name>Oil pin</name>
		<pose>Unspecified</pose>
		<truncated>0</truncated>
		<difficult>0</difficult>
		<bndbox>
			<xmin>642</xmin>
			<ymin>610</ymin>
			<xmax>708</xmax>
			<ymax>684</ymax>
		</bndbox>
	</object>
	<object>
		<name>Coolant</name>
		<pose>Unspecified</pose>
		<truncated>0</truncated>
		<difficult>0</difficult>
		<bndbox>
			<xmin>255</xmin>
			<ymin>388</ymin>
			<xmax>525</xmax>
			<ymax>665</ymax>
		</bndbox>
	</object>
	<object>
		<name>Battery</name>
		<pose>Unspecified</pose>
		<truncated>0</truncated>
		<difficult>0</difficult>
		<bndbox>
			<xmin>245</xmin>
			<ymin>4</ymin>
			<xmax>578</xmax>
			<ymax>151</ymax>
		</bndbox>
	</object>
	<object>
		<name>Brake fluid</name>
		<pose>Unspecified</pose>
		<truncated>0</truncated>
		<difficult>0</difficult>
		<bndbox>
			<xmin>1305</xmin>
			<ymin>4</ymin>
			<xmax>1476</xmax>
			<ymax>139</ymax>
		</bndbox>
	</object>
	<object>
		<name>Wiper fluid</name>
		<pose>Unspecified</pose>
		<truncated>0</truncated>
		<difficult>0</difficult>
		<bndbox>
			<xmin>1565</xmin>
			<ymin>560</ymin>
			<xmax>1656</xmax>
			<ymax>676</ymax>
		</bndbox>
	</object>
</annotation>
