<annotation>
	<folder>Train</folder>
	<filename>418.jpg</filename>
	<path>C:\Windows\System32\models\tensorflow\TFODCourse\Tensorflow\workspace\images\Train\418.jpg</path>
	<source>
		<database>Unknown</database>
	</source>
	<size>
		<width>1024</width>
		<height>768</height>
		<depth>3</depth>
	</size>
	<segmented>0</segmented>
	<object>
		<name>Coolant</name>
		<pose>Unspecified</pose>
		<truncated>0</truncated>
		<difficult>0</difficult>
		<bndbox>
			<xmin>69</xmin>
			<ymin>233</ymin>
			<xmax>203</xmax>
			<ymax>364</ymax>
		</bndbox>
	</object>
	<object>
		<name>Engine cover</name>
		<pose>Unspecified</pose>
		<truncated>0</truncated>
		<difficult>0</difficult>
		<bndbox>
			<xmin>246</xmin>
			<ymin>163</ymin>
			<xmax>682</xmax>
			<ymax>453</ymax>
		</bndbox>
	</object>
	<object>
		<name>Oil intake</name>
		<pose>Unspecified</pose>
		<truncated>0</truncated>
		<difficult>0</difficult>
		<bndbox>
			<xmin>310</xmin>
			<ymin>271</ymin>
			<xmax>374</xmax>
			<ymax>340</ymax>
		</bndbox>
	</object>
	<object>
		<name>Oil pin</name>
		<pose>Unspecified</pose>
		<truncated>0</truncated>
		<difficult>0</difficult>
		<bndbox>
			<xmin>275</xmin>
			<ymin>224</ymin>
			<xmax>305</xmax>
			<ymax>265</ymax>
		</bndbox>
	</object>
	<object>
		<name>Battery</name>
		<pose>Unspecified</pose>
		<truncated>0</truncated>
		<difficult>0</difficult>
		<bndbox>
			<xmin>663</xmin>
			<ymin>254</ymin>
			<xmax>908</xmax>
			<ymax>423</ymax>
		</bndbox>
	</object>
	<object>
		<name>Wiper fluid</name>
		<pose>Unspecified</pose>
		<truncated>0</truncated>
		<difficult>0</difficult>
		<bndbox>
			<xmin>874</xmin>
			<ymin>291</ymin>
			<xmax>921</xmax>
			<ymax>357</ymax>
		</bndbox>
	</object>
	<object>
		<name>Brake fluid</name>
		<pose>Unspecified</pose>
		<truncated>0</truncated>
		<difficult>0</difficult>
		<bndbox>
			<xmin>226</xmin>
			<ymin>220</ymin>
			<xmax>288</xmax>
			<ymax>271</ymax>
		</bndbox>
	</object>
</annotation>
