<annotation>
	<folder>Train</folder>
	<filename>507.jpg</filename>
	<path>C:\Windows\System32\models\tensorflow\TFODCourse\Tensorflow\workspace\images\Train\507.jpg</path>
	<source>
		<database>Unknown</database>
	</source>
	<size>
		<width>1160</width>
		<height>622</height>
		<depth>3</depth>
	</size>
	<segmented>0</segmented>
	<object>
		<name>Wiper fluid</name>
		<pose>Unspecified</pose>
		<truncated>0</truncated>
		<difficult>0</difficult>
		<bndbox>
			<xmin>50</xmin>
			<ymin>424</ymin>
			<xmax>142</xmax>
			<ymax>492</ymax>
		</bndbox>
	</object>
	<object>
		<name>Coolant</name>
		<pose>Unspecified</pose>
		<truncated>0</truncated>
		<difficult>0</difficult>
		<bndbox>
			<xmin>301</xmin>
			<ymin>305</ymin>
			<xmax>486</xmax>
			<ymax>464</ymax>
		</bndbox>
	</object>
	<object>
		<name>Oil pin</name>
		<pose>Unspecified</pose>
		<truncated>0</truncated>
		<difficult>0</difficult>
		<bndbox>
			<xmin>634</xmin>
			<ymin>248</ymin>
			<xmax>674</xmax>
			<ymax>298</ymax>
		</bndbox>
	</object>
	<object>
		<name>Battery</name>
		<pose>Unspecified</pose>
		<truncated>0</truncated>
		<difficult>0</difficult>
		<bndbox>
			<xmin>628</xmin>
			<ymin>42</ymin>
			<xmax>784</xmax>
			<ymax>129</ymax>
		</bndbox>
	</object>
	<object>
		<name>Fuse box</name>
		<pose>Unspecified</pose>
		<truncated>0</truncated>
		<difficult>0</difficult>
		<bndbox>
			<xmin>791</xmin>
			<ymin>36</ymin>
			<xmax>928</xmax>
			<ymax>119</ymax>
		</bndbox>
	</object>
	<object>
		<name>Air filter</name>
		<pose>Unspecified</pose>
		<truncated>0</truncated>
		<difficult>0</difficult>
		<bndbox>
			<xmin>793</xmin>
			<ymin>101</ymin>
			<xmax>915</xmax>
			<ymax>212</ymax>
		</bndbox>
	</object>
</annotation>
