<annotation>
	<folder>Train</folder>
	<filename>509.jpg</filename>
	<path>C:\Windows\System32\models\tensorflow\TFODCourse\Tensorflow\workspace\images\Train\509.jpg</path>
	<source>
		<database>Unknown</database>
	</source>
	<size>
		<width>1190</width>
		<height>614</height>
		<depth>3</depth>
	</size>
	<segmented>0</segmented>
	<object>
		<name>Coolant</name>
		<pose>Unspecified</pose>
		<truncated>0</truncated>
		<difficult>0</difficult>
		<bndbox>
			<xmin>91</xmin>
			<ymin>141</ymin>
			<xmax>256</xmax>
			<ymax>224</ymax>
		</bndbox>
	</object>
	<object>
		<name>Battery</name>
		<pose>Unspecified</pose>
		<truncated>0</truncated>
		<difficult>0</difficult>
		<bndbox>
			<xmin>911</xmin>
			<ymin>136</ymin>
			<xmax>1120</xmax>
			<ymax>260</ymax>
		</bndbox>
	</object>
	<object>
		<name>Fuse box</name>
		<pose>Unspecified</pose>
		<truncated>0</truncated>
		<difficult>0</difficult>
		<bndbox>
			<xmin>76</xmin>
			<ymin>268</ymin>
			<xmax>227</xmax>
			<ymax>406</ymax>
		</bndbox>
	</object>
	<object>
		<name>Wiper fluid</name>
		<pose>Unspecified</pose>
		<truncated>0</truncated>
		<difficult>0</difficult>
		<bndbox>
			<xmin>44</xmin>
			<ymin>383</ymin>
			<xmax>97</xmax>
			<ymax>440</ymax>
		</bndbox>
	</object>
	<object>
		<name>Oil intake</name>
		<pose>Unspecified</pose>
		<truncated>0</truncated>
		<difficult>0</difficult>
		<bndbox>
			<xmin>491</xmin>
			<ymin>202</ymin>
			<xmax>554</xmax>
			<ymax>260</ymax>
		</bndbox>
	</object>
</annotation>
