<annotation>
	<folder>Train</folder>
	<filename>549.jpg</filename>
	<path>C:\Windows\System32\models\tensorflow\TFODCourse\Tensorflow\workspace\images\Train\549.jpg</path>
	<source>
		<database>Unknown</database>
	</source>
	<size>
		<width>1202</width>
		<height>612</height>
		<depth>3</depth>
	</size>
	<segmented>0</segmented>
	<object>
		<name>Air filter</name>
		<pose>Unspecified</pose>
		<truncated>0</truncated>
		<difficult>0</difficult>
		<bndbox>
			<xmin>358</xmin>
			<ymin>76</ymin>
			<xmax>613</xmax>
			<ymax>203</ymax>
		</bndbox>
	</object>
	<object>
		<name>Wiper fluid</name>
		<pose>Unspecified</pose>
		<truncated>0</truncated>
		<difficult>0</difficult>
		<bndbox>
			<xmin>4</xmin>
			<ymin>358</ymin>
			<xmax>72</xmax>
			<ymax>414</ymax>
		</bndbox>
	</object>
	<object>
		<name>Oil intake</name>
		<pose>Unspecified</pose>
		<truncated>0</truncated>
		<difficult>0</difficult>
		<bndbox>
			<xmin>298</xmin>
			<ymin>297</ymin>
			<xmax>386</xmax>
			<ymax>373</ymax>
		</bndbox>
	</object>
	<object>
		<name>Engine cover</name>
		<pose>Unspecified</pose>
		<truncated>0</truncated>
		<difficult>0</difficult>
		<bndbox>
			<xmin>267</xmin>
			<ymin>180</ymin>
			<xmax>700</xmax>
			<ymax>402</ymax>
		</bndbox>
	</object>
	<object>
		<name>Brake fluid</name>
		<pose>Unspecified</pose>
		<truncated>0</truncated>
		<difficult>0</difficult>
		<bndbox>
			<xmin>806</xmin>
			<ymin>55</ymin>
			<xmax>951</xmax>
			<ymax>149</ymax>
		</bndbox>
	</object>
	<object>
		<name>Battery</name>
		<pose>Unspecified</pose>
		<truncated>0</truncated>
		<difficult>0</difficult>
		<bndbox>
			<xmin>844</xmin>
			<ymin>224</ymin>
			<xmax>1124</xmax>
			<ymax>393</ymax>
		</bndbox>
	</object>
	<object>
		<name>Fuse box</name>
		<pose>Unspecified</pose>
		<truncated>1</truncated>
		<difficult>0</difficult>
		<bndbox>
			<xmin>1075</xmin>
			<ymin>162</ymin>
			<xmax>1202</xmax>
			<ymax>340</ymax>
		</bndbox>
	</object>
	<object>
		<name>Coolant</name>
		<pose>Unspecified</pose>
		<truncated>0</truncated>
		<difficult>0</difficult>
		<bndbox>
			<xmin>205</xmin>
			<ymin>495</ymin>
			<xmax>295</xmax>
			<ymax>571</ymax>
		</bndbox>
	</object>
	<object>
		<name>Oil pin</name>
		<pose>Unspecified</pose>
		<truncated>0</truncated>
		<difficult>0</difficult>
		<bndbox>
			<xmin>545</xmin>
			<ymin>416</ymin>
			<xmax>591</xmax>
			<ymax>452</ymax>
		</bndbox>
	</object>
</annotation>
