<annotation>
	<folder>Train</folder>
	<filename>578.jpg</filename>
	<path>C:\Windows\System32\models\tensorflow\TFODCourse\Tensorflow\workspace\images\Train\578.jpg</path>
	<source>
		<database>Unknown</database>
	</source>
	<size>
		<width>1150</width>
		<height>422</height>
		<depth>3</depth>
	</size>
	<segmented>0</segmented>
	<object>
		<name>Wiper fluid</name>
		<pose>Unspecified</pose>
		<truncated>0</truncated>
		<difficult>0</difficult>
		<bndbox>
			<xmin>136</xmin>
			<ymin>222</ymin>
			<xmax>196</xmax>
			<ymax>304</ymax>
		</bndbox>
	</object>
	<object>
		<name>Coolant</name>
		<pose>Unspecified</pose>
		<truncated>0</truncated>
		<difficult>0</difficult>
		<bndbox>
			<xmin>97</xmin>
			<ymin>157</ymin>
			<xmax>205</xmax>
			<ymax>283</ymax>
		</bndbox>
	</object>
	<object>
		<name>Engine cover</name>
		<pose>Unspecified</pose>
		<truncated>0</truncated>
		<difficult>0</difficult>
		<bndbox>
			<xmin>281</xmin>
			<ymin>123</ymin>
			<xmax>660</xmax>
			<ymax>324</ymax>
		</bndbox>
	</object>
	<object>
		<name>Oil pin</name>
		<pose>Unspecified</pose>
		<truncated>0</truncated>
		<difficult>0</difficult>
		<bndbox>
			<xmin>393</xmin>
			<ymin>265</ymin>
			<xmax>428</xmax>
			<ymax>309</ymax>
		</bndbox>
	</object>
	<object>
		<name>Air filter</name>
		<pose>Unspecified</pose>
		<truncated>0</truncated>
		<difficult>0</difficult>
		<bndbox>
			<xmin>727</xmin>
			<ymin>96</ymin>
			<xmax>891</xmax>
			<ymax>205</ymax>
		</bndbox>
	</object>
	<object>
		<name>Brake fluid</name>
		<pose>Unspecified</pose>
		<truncated>0</truncated>
		<difficult>0</difficult>
		<bndbox>
			<xmin>738</xmin>
			<ymin>67</ymin>
			<xmax>818</xmax>
			<ymax>116</ymax>
		</bndbox>
	</object>
	<object>
		<name>Battery</name>
		<pose>Unspecified</pose>
		<truncated>0</truncated>
		<difficult>0</difficult>
		<bndbox>
			<xmin>917</xmin>
			<ymin>130</ymin>
			<xmax>1066</xmax>
			<ymax>215</ymax>
		</bndbox>
	</object>
	<object>
		<name>Fuse box</name>
		<pose>Unspecified</pose>
		<truncated>0</truncated>
		<difficult>0</difficult>
		<bndbox>
			<xmin>816</xmin>
			<ymin>195</ymin>
			<xmax>1009</xmax>
			<ymax>293</ymax>
		</bndbox>
	</object>
</annotation>
