<annotation>
	<folder>Train</folder>
	<filename>601.jpg</filename>
	<path>C:\Windows\System32\models\tensorflow\TFODCourse\Tensorflow\workspace\images\Train\601.jpg</path>
	<source>
		<database>Unknown</database>
	</source>
	<size>
		<width>1196</width>
		<height>552</height>
		<depth>3</depth>
	</size>
	<segmented>0</segmented>
	<object>
		<name>Air filter</name>
		<pose>Unspecified</pose>
		<truncated>1</truncated>
		<difficult>0</difficult>
		<bndbox>
			<xmin>1</xmin>
			<ymin>252</ymin>
			<xmax>268</xmax>
			<ymax>477</ymax>
		</bndbox>
	</object>
	<object>
		<name>Oil intake</name>
		<pose>Unspecified</pose>
		<truncated>0</truncated>
		<difficult>0</difficult>
		<bndbox>
			<xmin>633</xmin>
			<ymin>193</ymin>
			<xmax>691</xmax>
			<ymax>239</ymax>
		</bndbox>
	</object>
	<object>
		<name>Battery</name>
		<pose>Unspecified</pose>
		<truncated>0</truncated>
		<difficult>0</difficult>
		<bndbox>
			<xmin>885</xmin>
			<ymin>5</ymin>
			<xmax>1153</xmax>
			<ymax>231</ymax>
		</bndbox>
	</object>
	<object>
		<name>Fuse box</name>
		<pose>Unspecified</pose>
		<truncated>1</truncated>
		<difficult>0</difficult>
		<bndbox>
			<xmin>992</xmin>
			<ymin>107</ymin>
			<xmax>1196</xmax>
			<ymax>241</ymax>
		</bndbox>
	</object>
	<object>
		<name>Oil pin</name>
		<pose>Unspecified</pose>
		<truncated>0</truncated>
		<difficult>0</difficult>
		<bndbox>
			<xmin>506</xmin>
			<ymin>273</ymin>
			<xmax>545</xmax>
			<ymax>329</ymax>
		</bndbox>
	</object>
	<object>
		<name>Brake fluid</name>
		<pose>Unspecified</pose>
		<truncated>0</truncated>
		<difficult>0</difficult>
		<bndbox>
			<xmin>244</xmin>
			<ymin>85</ymin>
			<xmax>333</xmax>
			<ymax>209</ymax>
		</bndbox>
	</object>
</annotation>
