<annotation>
	<folder>Train</folder>
	<filename>602.jpg</filename>
	<path>C:\Windows\System32\models\tensorflow\TFODCourse\Tensorflow\workspace\images\Train\602.jpg</path>
	<source>
		<database>Unknown</database>
	</source>
	<size>
		<width>1194</width>
		<height>698</height>
		<depth>3</depth>
	</size>
	<segmented>0</segmented>
	<object>
		<name>Battery</name>
		<pose>Unspecified</pose>
		<truncated>0</truncated>
		<difficult>0</difficult>
		<bndbox>
			<xmin>162</xmin>
			<ymin>60</ymin>
			<xmax>399</xmax>
			<ymax>270</ymax>
		</bndbox>
	</object>
	<object>
		<name>Air filter</name>
		<pose>Unspecified</pose>
		<truncated>0</truncated>
		<difficult>0</difficult>
		<bndbox>
			<xmin>7</xmin>
			<ymin>247</ymin>
			<xmax>183</xmax>
			<ymax>450</ymax>
		</bndbox>
	</object>
	<object>
		<name>Engine cover</name>
		<pose>Unspecified</pose>
		<truncated>0</truncated>
		<difficult>0</difficult>
		<bndbox>
			<xmin>340</xmin>
			<ymin>129</ymin>
			<xmax>745</xmax>
			<ymax>471</ymax>
		</bndbox>
	</object>
	<object>
		<name>Oil intake</name>
		<pose>Unspecified</pose>
		<truncated>0</truncated>
		<difficult>0</difficult>
		<bndbox>
			<xmin>558</xmin>
			<ymin>314</ymin>
			<xmax>623</xmax>
			<ymax>372</ymax>
		</bndbox>
	</object>
	<object>
		<name>Oil pin</name>
		<pose>Unspecified</pose>
		<truncated>0</truncated>
		<difficult>0</difficult>
		<bndbox>
			<xmin>700</xmin>
			<ymin>305</ymin>
			<xmax>733</xmax>
			<ymax>370</ymax>
		</bndbox>
	</object>
	<object>
		<name>Wiper fluid</name>
		<pose>Unspecified</pose>
		<truncated>0</truncated>
		<difficult>0</difficult>
		<bndbox>
			<xmin>835</xmin>
			<ymin>526</ymin>
			<xmax>922</xmax>
			<ymax>606</ymax>
		</bndbox>
	</object>
	<object>
		<name>Coolant</name>
		<pose>Unspecified</pose>
		<truncated>0</truncated>
		<difficult>0</difficult>
		<bndbox>
			<xmin>321</xmin>
			<ymin>457</ymin>
			<xmax>505</xmax>
			<ymax>545</ymax>
		</bndbox>
	</object>
	<object>
		<name>Brake fluid</name>
		<pose>Unspecified</pose>
		<truncated>0</truncated>
		<difficult>0</difficult>
		<bndbox>
			<xmin>873</xmin>
			<ymin>183</ymin>
			<xmax>948</xmax>
			<ymax>304</ymax>
		</bndbox>
	</object>
</annotation>
