<annotation>
	<folder>Assembled engines</folder>
	<filename>63.jpg</filename>
	<path>/Users/sohansingh/Desktop/obproject/obpenv/Project pics/JPEG format/Assembled engines/63.jpg</path>
	<source>
		<database>Unknown</database>
	</source>
	<size>
		<width>1120</width>
		<height>448</height>
		<depth>3</depth>
	</size>
	<segmented>0</segmented>
	<object>
		<name>Coolant</name>
		<pose>Unspecified</pose>
		<truncated>0</truncated>
		<difficult>0</difficult>
		<bndbox>
			<xmin>112</xmin>
			<ymin>95</ymin>
			<xmax>239</xmax>
			<ymax>200</ymax>
		</bndbox>
	</object>
	<object>
		<name>Wiper fluid</name>
		<pose>Unspecified</pose>
		<truncated>0</truncated>
		<difficult>0</difficult>
		<bndbox>
			<xmin>160</xmin>
			<ymin>197</ymin>
			<xmax>227</xmax>
			<ymax>250</ymax>
		</bndbox>
	</object>
	<object>
		<name>Oil pin</name>
		<pose>Unspecified</pose>
		<truncated>0</truncated>
		<difficult>0</difficult>
		<bndbox>
			<xmin>297</xmin>
			<ymin>183</ymin>
			<xmax>327</xmax>
			<ymax>216</ymax>
		</bndbox>
	</object>
	<object>
		<name>Engine cover</name>
		<pose>Unspecified</pose>
		<truncated>0</truncated>
		<difficult>0</difficult>
		<bndbox>
			<xmin>292</xmin>
			<ymin>54</ymin>
			<xmax>701</xmax>
			<ymax>191</ymax>
		</bndbox>
	</object>
	<object>
		<name>Air filter</name>
		<pose>Unspecified</pose>
		<truncated>0</truncated>
		<difficult>0</difficult>
		<bndbox>
			<xmin>573</xmin>
			<ymin>181</ymin>
			<xmax>677</xmax>
			<ymax>311</ymax>
		</bndbox>
	</object>
	<object>
		<name>Fuse box</name>
		<pose>Unspecified</pose>
		<truncated>0</truncated>
		<difficult>0</difficult>
		<bndbox>
			<xmin>925</xmin>
			<ymin>61</ymin>
			<xmax>1031</xmax>
			<ymax>175</ymax>
		</bndbox>
	</object>
	<object>
		<name>Battery</name>
		<pose>Unspecified</pose>
		<truncated>0</truncated>
		<difficult>0</difficult>
		<bndbox>
			<xmin>825</xmin>
			<ymin>146</ymin>
			<xmax>987</xmax>
			<ymax>265</ymax>
		</bndbox>
	</object>
</annotation>
